1st,2nd,,,,3rd
,a,g,c,t,
a,1.662164475005559,1.5258844350671057,1.3225795575395964,2.292598272430918,a
,2.3015166768924225,2.4054180609695495,3.6239430367723826,1.6708835038876007,g
,2.2174901638052877,2.5340483495669863,2.4277891730528482,2.7669734693967927,c
,1.9095778361587665,1.77929604930263,1.5854588265335303,1.5781149491960094,t
g,1.5909488362423236,1.954257312670682,1.649845137419407,2.085309232658578,a
,2.440400249966163,3.0271517549975404,3.7316926127712016,1.8501987194601404,g
,2.2453806254172273,2.2929970629205276,2.6444606850170707,2.8856919407704975,c
,1.8734705649236667,1.2680322162599986,1.1645026019754543,1.5076104538105153,t
c,1.5685894917905123,2.2069897525466122,1.3276827696131694,1.8908663985917438,a
,2.2501568472976277,2.534538529619652,3.5827023298237353,2.0717405416441443,g
,2.1815689948453194,2.1785629539046125,2.936798095170247,2.8584747351161064,c
,2.1064047032802837,1.358736213707941,1.367617779819093,1.49574068516341,t
t,1.7248040417493669,2.039061345618352,1.3628395982862993,1.8767442698760262,a
,2.4769729668284506,2.224271443775781,3.6467442467187956,1.9756965152475894,g
,1.9653640580571028,2.242615862595609,2.758092486468199,2.6335410772922705,c
,1.9336563187951943,1.5934922804720255,1.3826099389086115,1.6789620094021087,t
